{
  "mode": "regression",
  "exp_name": "ekfac_power_plant",
  "dataset": "power_plant",
  "data_path": "regression/data",
  "optimizer": "ekfac",
  "fisher_approx": "eigen",
  "true_fisher": true,
  "model_name": "ffn50",
  "epoch": 1000,
  "batch_size": 100,
  "re_init": true,
  "re_init_iters": 50,
  "test_batch_size": 1000,
  "max_to_keep": 3,
  "num_workers": 2,
  "learning_rate": 0.001,
  "alpha": 1e-2,
  "beta": 1e-3,
  "omega": 1e-2,
  "damping": 0,
  "kfac_init_after_basis": true,
  "amor_eigen": false,
  "Teigen": 5,
  "kl": 1,
  "eta": 1,
  "train_particles": 10,
  "test_particles": 100
}