{
  "mode": "classification",
  "exp_name": "ekfac_vgg16_bn_aug",
  "dataset": "cifar10",
  "data_path": "../cifar",
  "optimizer": "ekfac",
  "fisher_approx": "eigen",
  "model_name": "vgg16",
  "data_aug": true,
  "batch_norm": true,
  "epoch": 150,
  "batch_size": 128,
  "test_batch_size": 100,
  "max_to_keep": 3,
  "num_workers": 2,
  "decay_every_itr": 16000,
  "learning_rate": 1e-2,
  "momentum": 0.9,
  "damping": 1e-3,
  "kfac_init_after_basis": true,
  "cov_ema_decay": 0.99,
  "scale_ema_decay": 0.99,
  "kl_clip": 1e-3,
  "kl": 0.1,
  "eta": 1.0,
  "TCov": 10,
  "TInv": 200,
  "TEigen": 200,
  "TScale": 10,
  "train_particles": 1,
  "test_particles": 10
}
