{
  "mode": "classification",
  "exp_name": "kfac_vgg16_plain",
  "dataset": "cifar10",
  "data_path": "classification/data",
  "optimizer": "kfac",
  "fisher_approx": "kron",
  "model_name": "vgg16",
  "data_aug": false,
  "batch_norm": false,
  "epoch": 150,
  "batch_size": 128,
  "test_batch_size": 100,
  "max_to_keep": 3,
  "num_workers": 2,
  "decay_every_itr": 16000,
  "learning_rate": 1e-2,
  "momentum": 0.9,
  "damping": 1e-3,
  "cov_ema_decay": 0.99,
  "kl_clip": 1e-3,
  "kl": 0.5,
  "eta": 0.1,
  "TCov": 10,
  "TInv": 200,
  "TEigen": 200,
  "TScale": 10,
  "train_particles": 1,
  "test_particles": 10
}
